<?xml version="1.0" encoding="UTF-8"?>
<project version="4">
  <component name="AutoImportSettings">
    <option name="autoReloadType" value="SELECTIVE" />
  </component>
  <component name="ChangeListManager">
    <list default="true" id="26194e29-6ea7-454b-8bb1-b023df12a22c" name="Changes" comment="" />
    <option name="SHOW_DIALOG" value="false" />
    <option name="HIGHLIGHT_CONFLICTS" value="true" />
    <option name="HIGHLIGHT_NON_ACTIVE_CHANGELIST" value="false" />
    <option name="LAST_RESOLUTION" value="IGNORE" />
  </component>
  <component name="FileTemplateManagerImpl">
    <option name="RECENT_TEMPLATES">
      <list>
        <option value="Class" />
      </list>
    </option>
  </component>
  <component name="MavenImportPreferences">
    <option name="generalSettings">
      <MavenGeneralSettings>
        <option name="mavenHomeTypeForPersistence" value="WRAPPER" />
      </MavenGeneralSettings>
    </option>
  </component>
  <component name="ProjectColorInfo"><![CDATA[{
  "associatedIndex": 7
}]]></component>
  <component name="ProjectId" id="30XmaSZO8FYjzuIKEcQGGh2ONuf" />
  <component name="ProjectViewState">
    <option name="hideEmptyMiddlePackages" value="true" />
    <option name="showLibraryContents" value="true" />
  </component>
  <component name="PropertiesComponent"><![CDATA[{
  "keyToString": {
    "Application.HelloApplication.executor": "Run",
    "ModuleVcsDetector.initialDetectionPerformed": "true",
    "RunOnceActivity.ShowReadmeOnStart": "true"
  }
}]]></component>
  <component name="TaskManager">
    <task active="true" id="Default" summary="Default task">
      <changelist id="26194e29-6ea7-454b-8bb1-b023df12a22c" name="Changes" comment="" />
      <created>1753782360536</created>
      <option name="number" value="Default" />
      <option name="presentableId" value="Default" />
      <updated>1753782360536</updated>
    </task>
    <servers />
  </component>
</project>